{
  "acrapper.py": 1775661358.5395982,
  "eslint.config.mjs": 1773334311.5378537,
  "middleware.ts": 1775659245.2672973,
  "next-env.d.ts": 1773334311.542467,
  "next.config.ts": 1773334311.542467,
  "postcss.config.mjs": 1773334311.5470521,
  "app\\layout.tsx": 1776407174.6404881,
  "app\\page.tsx": 1774858872.899199,
  "app\\robots.ts": 1773400090.9246511,
  "app\\sitemap.ts": 1773400089.8756015,
  "app\\admin\\page.tsx": 1776408343.3418787,
  "app\\api\\admin\\add-domain\\route.ts": 1775650495.7920866,
  "app\\api\\admin\\assign-whatsapp-number\\route.ts": 1774937645.3008828,
  "app\\api\\admin\\check-domain\\route.ts": 1775650510.6163144,
  "app\\api\\admin\\list-orgs\\route.ts": 1776408326.355234,
  "app\\api\\admin\\list-users\\route.ts": 1776408039.5144782,
  "app\\api\\admin\\manage-referral-code\\route.ts": 1776408065.2816775,
  "app\\api\\admin\\update-org-subscription\\route.ts": 1776408052.0735588,
  "app\\api\\leads\\create\\route.ts": 1775153582.581509,
  "app\\api\\razorpay\\create-order\\route.ts": 1776400330.0443482,
  "app\\api\\razorpay\\create-payment-link\\route.ts": 1776186045.6894584,
  "app\\api\\razorpay\\public-config\\route.ts": 1776186296.3354535,
  "app\\api\\razorpay\\save-config\\route.ts": 1776185863.3265927,
  "app\\api\\razorpay\\verify-payment\\route.ts": 1776401765.7305815,
  "app\\api\\referrals\\track\\route.ts": 1776407652.7314062,
  "app\\api\\send-assignment-email\\route.ts": 1774858903.3890448,
  "app\\api\\send-invoice\\route.ts": 1775247731.4566426,
  "app\\api\\send-role-notification\\route.ts": 1774858914.9514263,
  "app\\api\\upload\\route.ts": 1773374902.8354504,
  "app\\api\\webhooks\\meta-leads\\route.ts": 1775153603.1236458,
  "app\\api\\webhooks\\razorpay\\route.ts": 1776185904.9921844,
  "app\\api\\webhooks\\whatsapp\\route.ts": 1774948395.0774322,
  "app\\api\\whatsapp\\connect-own-number\\route.ts": 1774937683.4227097,
  "app\\api\\whatsapp\\send\\route.ts": 1774937914.3388767,
  "app\\booking-form\\page.tsx": 1773907753.176063,
  "app\\bookings\\page.tsx": 1776402152.9181337,
  "app\\business-profile\\page.tsx": 1775712775.1729915,
  "app\\campaign\\[orgId]\\page.tsx": 1776186410.8817177,
  "app\\campaign-builder\\page.tsx": 1774858902.3575315,
  "app\\chatbot\\page.tsx": 1774865576.9775224,
  "app\\home\\page.tsx": 1775153629.433709,
  "app\\login\\page.tsx": 1774858885.4903755,
  "app\\marketing\\page.tsx": 1774858873.936935,
  "app\\onboarding\\page.tsx": 1776407516.7923324,
  "app\\packages\\page.tsx": 1773905008.8276947,
  "app\\settings\\page.tsx": 1776408105.399489,
  "app\\site\\[orgId]\\page.tsx": 1776075720.2017763,
  "app\\site\\[orgId]\\about-us\\page.tsx": 1776076421.5720122,
  "app\\site\\[orgId]\\cancellation-refund\\page.tsx": 1776076510.208241,
  "app\\site\\[orgId]\\package\\[packageId]\\page.tsx": 1776186469.5304036,
  "app\\site\\[orgId]\\privacy-policy\\page.tsx": 1776076451.5243185,
  "app\\site\\[orgId]\\terms-conditions\\page.tsx": 1776076480.1656022,
  "app\\team\\page.tsx": 1774948448.2860117,
  "app\\website-builder\\page.tsx": 1776074436.5203378,
  "app\\whatsapp\\page.tsx": 1774865633.4990654,
  "components\\AuthProvider.tsx": 1776407864.07486,
  "components\\CreateLeadModal.tsx": 1774948292.6825747,
  "components\\Header.tsx": 1774245824.1536212,
  "components\\ImageUploadGrid.tsx": 1773375926.086375,
  "components\\ImportLeads.tsx": 1774948341.9127402,
  "components\\LeadTable.tsx": 1775324314.9043548,
  "components\\MarketingPageContent.tsx": 1774858854.5363786,
  "components\\MobilePreview.tsx": 1774858831.991588,
  "components\\NotificationBanner.tsx": 1775243409.0622528,
  "components\\OrgProvider.tsx": 1776407155.19201,
  "components\\RootGate.tsx": 1773400045.8819184,
  "components\\Sidebar.tsx": 1776407470.9203627,
  "components\\SidebarContext.tsx": 1774245779.3094363,
  "components\\SiteFooter.tsx": 1776076385.8628056,
  "components\\Stats.tsx": 1773334311.5378537,
  "components\\WhatsAppModal.tsx": 1774968689.6160648,
  "hooks\\use-mobile.ts": 1773334311.540279,
  "lib\\features.ts": 1776407122.5202374,
  "lib\\firebase-admin.ts": 1774967348.7714593,
  "lib\\firebase-messaging.ts": 1775157853.5106573,
  "lib\\firebase.ts": 1773334311.541366,
  "lib\\invoice-template.ts": 1775714221.6311622,
  "lib\\round-robin.ts": 1774967129.3106241,
  "lib\\send-push-notification.ts": 1775153581.2750986,
  "lib\\utils.ts": 1773334311.541366,
  "public\\firebase-messaging-sw.js": 1775153507.5357876,
  "types\\html2pdf.d.ts": 1775248189.0023167,
  "README.md": 1773334311.530606
}